 Procedimentos hospitalares do SUS - por local de internação - Brasil;;;;;;;;;;;;;;;;;;;;;;;;;;;;;;;;;;;;;;;;;;;;;;;;;;;;;;;;;;;;;;;;;;;;;;;;;;;;;;;;;;;;;;;;;;;;;;;;;;;;;;;;;;;;;;;;;;;;;;;;;;;;;;;;;;;;;;;;;;;;;;;;;;;;;;;;;;;;;;;;;;;;;;
Valor total por Unidade da Federação e Ano/mês processamento;;;;;;;;;;;;;;;;;;;;;;;;;;;;;;;;;;;;;;;;;;;;;;;;;;;;;;;;;;;;;;;;;;;;;;;;;;;;;;;;;;;;;;;;;;;;;;;;;;;;;;;;;;;;;;;;;;;;;;;;;;;;;;;;;;;;;;;;;;;;;;;;;;;;;;;;;;;;;;;;;;;;;;
Período:Jan/2008-Set/2021;;;;;;;;;;;;;;;;;;;;;;;;;;;;;;;;;;;;;;;;;;;;;;;;;;;;;;;;;;;;;;;;;;;;;;;;;;;;;;;;;;;;;;;;;;;;;;;;;;;;;;;;;;;;;;;;;;;;;;;;;;;;;;;;;;;;;;;;;;;;;;;;;;;;;;;;;;;;;;;;;;;;;;
Unidade da Federação;2008/Jan;2008/Fev;2008/Mar;2008/Abr;2008/Mai;2008/Jun;2008/Jul;2008/Ago;2008/Set;2008/Out;2008/Nov;2008/Dez;2009/Jan;2009/Fev;2009/Mar;2009/Abr;2009/Mai;2009/Jun;2009/Jul;2009/Ago;2009/Set;2009/Out;2009/Nov;2009/Dez;2010/Jan;2010/Fev;2010/Mar;2010/Abr;2010/Mai;2010/Jun;2010/Jul;2010/Ago;2010/Set;2010/Out;2010/Nov;2010/Dez;2011/Jan;2011/Fev;2011/Mar;2011/Abr;2011/Mai;2011/Jun;2011/Jul;2011/Ago;2011/Set;2011/Out;2011/Nov;2011/Dez;2012/Jan;2012/Fev;2012/Mar;2012/Abr;2012/Mai;2012/Jun;2012/Jul;2012/Ago;2012/Set;2012/Out;2012/Nov;2012/Dez;2013/Jan;2013/Fev;2013/Mar;2013/Abr;2013/Mai;2013/Jun;2013/Jul;2013/Ago;2013/Set;2013/Out;2013/Nov;2013/Dez;2014/Jan;2014/Fev;2014/Mar;2014/Abr;2014/Mai;2014/Jun;2014/Jul;2014/Ago;2014/Set;2014/Out;2014/Nov;2014/Dez;2015/Jan;2015/Fev;2015/Mar;2015/Abr;2015/Mai;2015/Jun;2015/Jul;2015/Ago;2015/Set;2015/Out;2015/Nov;2015/Dez;2016/Jan;2016/Fev;2016/Mar;2016/Abr;2016/Mai;2016/Jun;2016/Jul;2016/Ago;2016/Set;2016/Out;2016/Nov;2016/Dez;2017/Jan;2017/Fev;2017/Mar;2017/Abr;2017/Mai;2017/Jun;2017/Jul;2017/Ago;2017/Set;2017/Out;2017/Nov;2017/Dez;2018/Jan;2018/Fev;2018/Mar;2018/Abr;2018/Mai;2018/Jun;2018/Jul;2018/Ago;2018/Set;2018/Out;2018/Nov;2018/Dez;2019/Jan;2019/Fev;2019/Mar;2019/Abr;2019/Mai;2019/Jun;2019/Jul;2019/Ago;2019/Set;2019/Out;2019/Nov;2019/Dez;2020/Jan;2020/Fev;2020/Mar;2020/Abr;2020/Mai;2020/Jun;2020/Jul;2020/Ago;2020/Set;2020/Out;2020/Nov;2020/Dez;2021/Jan;2021/Fev;2021/Mar;2021/Abr;2021/Mai;2021/Jun;2021/Jul;2021/Ago;2021/Set;Total
11 Rondônia;1388528,39;2931283,42;1541682,52;1525314,96;1645953,84;1406150,68;3065279,01;3231494,61;3117178,63;3068430,44;2825838,52;2931173,58;2885269,07;2860103,74;3684944,68;3607289,68;3774356,6;3706711,84;3763187,55;3533625,83;3605007,43;3907032,72;3939820,71;3901084,11;3684407,02;3623015,58;3890461,9;4193533,87;4534400,67;4451208,03;4874592,78;4460802,38;5067886,24;4511092,85;4394680,5;4098741,8;4411499,48;3868617,95;4298702,78;5062171,26;4769347,86;4578105,6;4477870,09;5173453,51;5554791,51;4110177,87;4428561,32;3534337,12;4015781,56;4426788,59;4873364,26;4516103,32;4619267,68;5226741,11;4756327,23;4112530,56;4023514,11;3866138,34;3543519,05;3201183,18;4072043,77;4534984,7;5229512,34;5660083,57;5681210,93;5076918,42;5623854,81;5928359,34;6019754,08;6050368,46;6422821,25;6172605,14;5773335,5;6229461,54;6536336,12;6611751,56;7122614,34;7207965,81;6725041,04;7220209,27;6814650,05;5931824,36;6179626,72;6743020,43;7278090,89;6619352,84;7131263,61;6945021,28;7868953,2;7546597,11;8738484,55;6756554,76;7443631,94;6964209,53;6310062,08;6561221,77;7735224,22;7995955,06;7189165,44;7956812,12;7551313,49;7930610,83;8133705,36;8150486,59;8022627,09;7280387,24;7047166,57;6961884,87;7820057,09;6801952,61;7825186,4;8706448,06;7700730,62;7948291,63;8438077,45;7656644,83;8047742,98;8657206,23;8150893,68;7507845,13;7998345,94;8893683,69;8867793,32;8871408,5;8501601,67;8315107,81;8525499,78;9177611,46;7368996,38;8835095,43;8328186,64;8408512,77;9351705,82;8143007,97;8949741,77;9630553,15;9581970,31;7891114,05;9792370,67;9170787,53;8816846,71;10024554,15;9675423,7;8085025,66;9222010,6;7493901,3;8148169,46;7353768,37;7739864,47;9308601,23;11954489,94;11887993,85;10328280,19;8068024,57;9486450,48;9018235,63;9858841,18;9806315,07;14946369,28;15552930,66;16269008,71;15380532,08;14228814,25;12427865,05;10345616,78;1088059702
12 Acre;902416;1497206,26;1794028,48;1730469,42;1819443,92;1828496;2511754,59;2089107,14;2275708,53;1923886,57;1756986,8;2235639,98;2497116,43;2253558,01;2122673,92;2834317,62;2722065,97;2432831,95;2630190,65;2307579;-;2826477,02;2170791,18;2541526,44;2491042,33;1954473,9;2389996,38;2654878,6;2844085,21;2336207,19;2125143,06;2430293,67;2377738,44;2184746,84;2468452,9;2516284,54;3051370,08;2629104,42;2485451,79;2685361,47;2723636,56;2703465,22;3136180,38;2779056,81;2843787,04;2678333,12;2995350,62;2798961,1;2477516,55;2020664,45;2891004,2;2917189,18;2856559,74;2972526,32;2642561,57;3092964,63;2305053,9;3023732,28;3077000,68;2652599,99;2629926,82;3042756,88;2938961,84;3078191,21;2690955,41;2484380,9;2695489,86;2858632,12;2747845,31;2787096,33;2833968;2817689,19;3401042,72;2727314,78;2876282,12;2997785,18;3048049,52;2842110,36;3186712,81;3061644,48;3008496,43;3162186,27;3185054,44;2542641,25;3375217,14;3024505,16;3102975,42;3080946,8;3065970,28;3179076,68;2849011,25;3238448,07;3279779,27;3010495,38;3054205,54;3001387,94;3049208,63;3351792,42;3118339,3;3378121,43;3168503,68;3916151,76;3837020,05;3659074,22;3540035,67;3184932;3019223,73;3264746,69;2821087,89;3361575,8;3080444,99;2792505,42;3268651,85;2397512,85;2348760;3139155,41;2765062,92;4540084,78;4120228,96;2610454,55;3576595,19;2444567,37;2602434,35;3064163,42;2276236,69;3239474,1;3126429,88;2998865,51;2619709,86;3018048,94;3342614,24;2123426,26;2664654,52;1906429,95;3096439,63;2411628;2840630,58;3260153,59;3250722,84;3204998,88;3052745,65;3124802,29;3021521,75;2874871,28;3331803,55;3417691,07;3076003,2;2286642,6;2896340,24;3045245,8;3915193,2;3640142,82;3391242,21;4044321,44;3276590,1;3696997,31;3715723,12;3538427,92;4077045,92;6307616,67;6354514,15;3461663,11;4979239,3;4138751,64;-;475290315,3
13 Amazonas;4735529,42;7118990,57;8196635,49;8259378,42;7831399,9;8477273,62;9368858,72;9352532,7;9363099,35;8618318,83;6555549,08;7777645,88;7403068,36;6683346,89;9927781,2;8844511,21;9079035,96;8832894,53;9373395,97;9578326,03;9730634,16;9179252,65;8314648,93;9050439,39;9419460,86;8680178,57;9168055,41;9897901,8;9651362,37;10854599,47;10417122,89;8718347,13;8221592,12;9613977,03;9927574,41;9470661,21;9736750,91;8745259,8;9380112,36;10179342,29;11061892,22;10211426,03;12123214,39;9559769,1;10082882,91;9971934,86;9280038,03;11310448,23;10352439,4;10902583,74;10336630,29;9891098,07;10955256,77;10614256,72;11280206,14;10115473,76;10606064,15;10488989,62;10042561,52;8864038,68;10739446,51;9684212,55;10130504,54;11391815,28;10568514,3;11145486,18;10698375,56;11873036,73;11047897,23;11291971,45;10409535,59;10075788,88;10854399,27;8530242,21;9541806,56;8926365,37;11573335,4;10115769,72;9843473,49;9940875,63;11022062,33;10881666,13;10596831,32;10073869,11;11653868,55;12074530,23;11599144,27;12592492,33;12785467,37;13414600,97;14294033,22;12546727,34;12996512,49;13035233,22;12949248,84;11336880,23;10920318,02;11918470,84;13023926,19;12155273,1;13519252,14;13076793,34;12605307,29;13670157,49;13659651,19;11115915,16;10975042,21;11172130,72;12819877,21;10999828,34;14050412,75;12450515,95;14585552,51;12789637,85;14376990,41;14240071,26;13594647,25;14584288,95;13158724,61;13169660,32;13572263,03;13083081,7;14322305,22;14643340,51;14632208,09;14500521,14;14840533,42;14427620,91;15818964,25;16358462,57;15391163,74;14154362,85;16791397,31;14369987,43;16339024,96;15622910,63;16483166,92;15422243,28;15961988,04;15787896,78;16515441,67;15788848,91;15784686,14;14388606,82;16063450,73;14939977,2;15107056,74;13540590,64;19703025,18;21134874,24;19769752,76;18069587,18;17852221,73;16419160,7;19903821,77;17794528,56;21621697,26;26163677,75;23445832,76;23154039,32;26127701,15;26447055,27;24457791,81;22731356,54;19840265,3;2061943007
14 Roraima;657889,53;777939,31;718688,03;839994,39;862347,96;832440,66;996693,09;894271,18;910424,17;1191770,32;1056218,71;1244339,25;1085679,25;969528,54;1393226,7;1273734,17;1552638,5;1490587,74;1596751,8;1848998,68;1701611,25;1164711,18;1434809,17;1603817,28;1437340,8;1332094,01;1900513,75;1933875,49;1773958,29;1804729,73;1846639,32;1643518,23;1843163,29;1807885,17;1674871,65;1250999,28;1257275,43;1171045,72;1389668,67;1344865,94;1067658,62;1263672,05;1332059,9;1578802,72;1680654,08;1442744,11;1650204,12;1929960,01;1454967,71;1851381,93;2033270,63;2013566,74;2135433,72;1881388,84;1700584,76;1900737,72;1675603,38;1459814,93;1606433,71;1566723,97;1560766,91;1572959,06;1872493,39;1849434,84;1906244,7;2046527,4;2230115,06;1987863,23;1692032,87;1749131,23;1623751,92;1449573,4;1799254,33;1673138,65;1707514,82;1509667,7;1746450,27;1568152,88;1763225,69;1808929,95;1633205,33;1626604,96;1784288,11;1137519,58;1782510,89;2242719,18;1827444,5;2256510,91;1859541,42;1550643,78;1968388,99;2613984,17;2342709,66;2186291,71;2046678,01;1879063,44;1768010,64;1761873,12;1975897,2;2631309,15;2405520,72;2487164,76;3104153,09;2717341,67;2667842,22;2756299,47;2478590,27;2379805,56;2331250,21;2328221,91;2524744,05;2637579,82;2510634,79;2755620,24;2878177,6;2921978,36;2794080,79;2512259,5;2508514,18;2635287,45;2914195,21;2881281,13;2740423,51;2695484,62;2613895,43;3020718,84;2860584,22;2740088,01;2689103,41;2985029,23;2771881,2;2938769,32;2527888,58;2587642,41;1923440,17;2422446,17;2495491,03;2851291,67;3137537,4;3788154,8;3217218,61;3113940,14;3157977,67;3097113,21;3059823,8;2912519,98;2937346,43;2868820,96;2752228,26;3401864,29;3015488,3;2826486,18;2928043,91;3090313,73;3621031,05;3454460,94;3266928,47;3519773,73;4437161,1;5171370,92;4266254,94;3103979,88;3743330,65;3781921,16;3150835,05;352546288,7
15 Pará;18864744,11;19553758,2;21937342,7;20842829,69;23249952,88;23240687,56;24002223,56;23341218,03;25172261,32;24011712,48;21526303,7;23896804,99;24613320,93;24015940,01;26624310,1;26478979,58;26366401,19;25440701,25;28079331,88;27588522,26;27967969,22;28430631,19;25432419,12;26405862,2;25841889,7;26527192,33;27433129,31;25753868,16;27515463,84;26934203,47;26668195,02;26606749,81;27226660,53;27185706,84;27019994,9;26036033,25;27913374,4;26771060,28;27060396,38;27868879,78;25307476,19;28343034,68;24565538,49;25528460,74;28301294,35;27370964,61;25880407,71;26238490,03;27326329,1;26349845,26;27351755,74;26908659,29;27046198,36;26377422,89;26363477,67;20608795;26719283,05;26927163,2;26243631,89;27313748,48;25716468,35;27230611,92;27800745,33;28157962,06;28931084,84;30073494,18;29200573,47;27861583,35;28490038,6;28389416,65;28630467,92;30205302,72;26976831,19;27636018,25;28440495,48;28229650,98;28722845,27;30356126,43;28147550,89;27946764,08;28959611,93;30101037,11;28718375,83;28616330,52;28542136,5;28618366,52;29168223,09;30174783,94;29979937,84;29322659,71;30471017,89;31563922,22;29964621,66;29189794,43;29285733,64;27695852,89;27606572,27;29569770,87;28560310,47;30014919,19;29516894,49;30774513,14;29981379,23;30099178,67;30831386,91;31994665,39;29052732,84;29146575,51;30754370,21;30351043,39;31280430,65;32051882,54;30507852,39;32202265,99;32771002,63;32204013,38;34983747,88;34138970,65;33280643,37;34426413,15;31591185,32;31378879;32909877,51;35053278,8;33973133,85;35560757,57;33465172,06;35497371,12;34896020,28;37385364,64;34294171,03;34168505,29;33849909,8;32871717,66;33130995,71;36044319,4;35906526,59;35242306,77;29460144,72;31179893,86;34175218,8;36122298,83;36874442,23;35947766,42;34365985,58;37417579,86;35610330,34;28292446,48;32998806,72;42240776,53;40851896,6;44451659,55;36858888,56;37025006,25;39040983,98;38068009,09;38813794,18;39251569,26;40639703,77;46608262,09;55310881,51;48215050,1;45801750,84;43262884,3;14569318,55;4968811817
16 Amapá;1120973,34;1268740,33;974651,24;1141137,32;866346,18;1440978,95;1426659,48;1475551,38;1651341,43;1866748,58;1426138,18;1696614,53;1665895,54;1719940;1750321,77;2052705,19;1915803,55;1787587,54;1763665,03;1746538,99;2034329,78;1839723,26;1882221,29;1712948,71;1849157,17;1605246,04;1525752,37;1572809,36;1653304,86;1685303,78;1773604,15;1662522,64;1811346,65;1654294,56;1958555,54;1984579,56;1928716,67;1725458,5;1703040,74;1849254,15;1877764,7;1824413,77;1958748,33;1648820,2;2008607,15;1735371,53;1765232,33;1984622,25;1731934,33;1736602,27;1877427,4;1810215,83;1934889,49;1940127,06;2065225,89;1997713;2029073,53;2003492,09;2086524,25;1984701,05;1873324,52;1699031,94;1772098,19;2052260,55;2105954,3;2312795,29;2167442,71;2087176,35;2017311,99;1966476,53;2067127,94;1980437,55;1930990,93;1873469,06;1805952,31;1992130,63;2274212,55;1635034,56;2240376,26;2128269,35;1931324,11;1963927,38;1791744,72;1786830,89;1609767,42;1441043,63;1702493,39;1837470,82;1901951,16;2048564,82;1905641,81;1833930,69;2104874,14;1983042,85;1871083,38;1813281,56;1714795,55;1569543,74;1668555,78;1753839,47;1897437,54;2003945,53;2094138,46;1949259,95;1880541,13;1751634,91;1779290,66;1853989,34;1875579,06;1799370,1;1665356,48;1702593,7;1897787,14;2050824,29;1881406,55;1940174,73;1923150,03;2036787,91;1876731,42;1716855,56;1836149,63;1954823,32;1882553,32;1781034,49;1821567,42;2120412,72;1910968,09;2453555,4;2652283,29;2637161,32;2139141,93;2654304,54;2549805,6;2294126,19;2511041,32;2746817,21;2648904,75;2117098,07;2388704,49;2905190,27;2145557,83;2455947,45;2310514,38;2296699,42;2333822,65;2310195,65;1842472,54;1705873,64;2065055,35;2009912,57;3253399,45;2946398,44;2416019,23;2203732,04;2218532,26;2566919,6;2807807,85;2822559,17;3188210,98;3616822,4;4379596,14;3808085,03;5211715,56;5263137,94;5032883,11;337181964,1
17 Tocantins;3441592,69;4985688,85;6205612,6;4984482,09;5511002,46;4927934,22;5445602,28;5413710,38;5596669,5;4658414,01;5252451,8;5523443,7;5791656,63;5814388,89;6273994,59;6762806,93;6575718,57;6423393,4;6349231,85;6490519,5;6542918,14;6420058,63;6149491,8;6075178,19;6411312,84;6403262,51;6698840,55;6905354,41;6864576,47;6876811,94;6732224,34;7110923;6644145,62;6861920,56;6553013,61;6450647,82;6695049,17;6735950,07;7285116,46;7077600,27;7276517,85;7204515,82;7111068,57;6398846,69;6671885,21;6668674,99;6818007,56;7326766,19;7349981,38;6906666,5;8295260,11;7404533,57;7394948,64;7879916,82;7270326,59;7568211,84;7011488,83;6801718,91;6216482,98;6435055,37;6437964,96;7918351,2;7745929,88;7603624,9;7985256,31;8309699,73;6975424,96;7450740,84;7079191,03;7954081,13;6804464,16;6860885,77;7450518,49;7543839,51;7386177,85;7106540,44;7226788,09;7008936,76;7123445,53;8010542,13;7947217,21;8058333,55;7498623,81;6075309,6;7017704,11;6607349,96;6598637,99;7197312,63;6163740,83;7275370,04;6987921,76;6243320,96;5831094,19;6271670,32;6464273,87;5569115,04;5452646,99;7002099,24;7526781,9;6714887,59;6775391,7;6237057,69;6757143,54;6766501,09;6343847,41;5564377,89;6647651,04;6245735,72;6041173,17;6185379,91;7066456,44;5722291,45;7017035,58;6392708,38;5837072,54;6608301,6;6155701,19;5104089,76;5441162,74;5200789,02;5341353,03;5361684,48;5913061,01;4617378,68;4662238,24;5664149,36;5328909,25;5473666,63;5152490,73;5272355,92;4873715,59;5321091,08;5791079,68;5881439,69;6593258,41;6684401,5;7143806,13;6136528,26;7118118,28;7607639,98;8498162,91;7181834,26;6467132,92;7210731,09;8098081,5;7024599,22;7210345,19;6391193,66;6708560,19;7439039,33;9161017,13;8393462,98;8736822,57;7771468,08;8878567,15;7072686,76;7297673,11;9875312,13;10651036,24;9365632,9;9493726,37;10650363,76;9790960,71;9735208,07;773480,42;1110344733
21 Maranhão;10723506,39;13559679,41;13985142,36;14809416,46;14505727,38;14908091,32;15784899,4;15195312,89;14951277,75;16072219,28;14016545,04;15792303,93;14782429,14;16842416,53;16681626,41;17735055,55;17466345,31;17459229,54;18021648,34;19332949,68;19722895,51;19277852,57;18634078,27;19117914,42;18906152,18;17540838,45;19741933,29;19445208,55;20174079,39;20368446,35;20361636,95;20566710,4;19061901,55;20690798,08;21028915,8;19417889,95;20078774,98;20448952,89;20679514,26;21210956,43;20711362,63;20133585,72;20093760,87;20561354;20823782,57;21443192,85;20624583,38;21018995,06;19910712,45;20903047,82;21470376,33;23206397,57;23485362,14;22450749,87;23435622,79;21805434,82;21798310,07;21141382,25;21023222,79;19537791,98;21450719,2;21364133,12;22461901,45;23228749,74;25240524,07;24358828,55;24958955,03;24967531,41;25163721,77;25079061,93;24644011,47;24811898,9;25074797,96;23578706,77;24379180,43;24561919,83;24500997,6;26362567,92;25424053,1;26273438,74;26724276,68;25224307,37;25527490,63;24173557,53;23007366;24593179,79;25983153,2;25551983,98;27394126,13;26762772,42;27211673,48;26732789,79;26929089,25;26298140,28;25549080,29;25527661,43;26264050,26;24711983,48;25658079,48;26215740,88;26625097,16;26868870,97;27245242,67;26354933,71;25975872,16;25534733,58;25483933,05;20546508,53;26153825,19;25915583,5;27895091,69;26808643,39;28064440,72;27699191,35;29321581,7;28974267,39;28210786,25;28352324,75;26858367,06;29435501,73;28524888,88;26351836,62;30050918,58;31077432,22;29485732,67;29359484,98;29441181,87;30255833,42;29645428,53;29310709,37;28462327,93;29606231,79;30641772,18;27369051,19;30399681,09;30406171,44;31437580,62;30094232,34;30724404,59;31712464,35;30923188,4;32025892,76;31013878,74;29659493,42;30324868,5;30018188,06;29309892,09;25256589,2;31382563,9;34921838,63;35497966,06;32279553,26;30167548,03;33401913,72;32120375,92;31089097,19;31798852,85;32611445,91;44534337,62;50000737,43;52984947,37;50461554,99;50500013,97;41501696,81;36250671,51;4161325769
22 Piauí;7985142,43;10079928,25;10298372,45;10775976,33;10398360,88;10528253,88;11040107,92;10549176,4;10899198,97;11715943,38;10369913,55;10684587,12;10448286,35;10617670,35;11401299,72;12428589,39;13096561,66;13372660,4;13310452,49;12168904,03;12247027,29;11744946,02;12196050,05;13459523,06;13377545,88;12026087,81;13110928,87;13027827,92;13209892,57;12463347,78;12218924,47;12104581,53;11794304,49;11740569,52;12372469,69;11421766,77;11954750,85;11219584,72;13070767,19;13143485,15;12889360,42;12033508,93;12727802,04;12132453,19;12337823,57;12121361,96;12139729,75;12477915,21;12619535,41;11395160,86;12737321,75;12142250,28;13129897,87;12594498,58;13128752,9;13213409,87;13149787,65;12613748,1;12916332,76;10359313,84;13902810,56;12273154,58;13518766,19;14171819,16;14837895,8;14391407,33;15475406,15;14563444,64;13313035,17;13699020,82;13475082,18;12203866,56;13925397,46;12972098,71;13751165,19;13912536,25;14205768,41;13579613,82;13046445,88;14592991,93;14776732,77;13960878,05;13463269,3;12615568,41;13358738,91;13785632,94;14584722,64;14322942,19;15013200,79;14454832,59;14398152,47;15150229,33;14256213,2;15714147,3;15084901,43;14733472,07;15571565,11;14363504,72;15880991,44;15892745,74;15943858,05;16258706,62;16465969,2;16228607,43;15549846,19;15736373,68;15391534,31;15393789,12;15107868,39;14790246,86;15341220,32;15269541,96;16099564,15;16030487,08;15389371,73;16008485,48;15958946,19;15596652,45;14963370,52;16048864,85;15727504,93;15541518,92;16408257,61;16455257,04;16646954,86;16330507,19;16393717,19;17055960,69;16152452,68;16305480,04;15869156,06;17047311,75;15882517,83;15433452,88;16189802,79;17051416,58;17792232;17263004,56;17460423,29;18086949,2;17769414,47;18500751,19;17748312,51;17641837,23;16229473,38;16851334,11;14568254,23;12224393,97;13182211;15282065,7;19908573,27;25663537,49;20230782,72;22390896,85;18915102,19;20883972,79;22689390,32;20983255,97;21609265,95;27405790,99;30110761,69;31075168,71;29401741,26;27694895,48;20752326,97;2450508594
23 Ceará;15539821,9;25735101,55;28724625,75;30676457,06;30604453,47;31272395,18;30925391,36;27851438,72;30362719,9;27657898,74;23572202,62;33251315,89;28809087,67;31631678,94;36939120,91;34179912,08;36272200,59;34514430,28;33985745,09;34682824,87;34471579,06;34058130,68;33861419,95;32151569,45;31949416,2;33250426,39;35653267,77;35280277,67;35760071,81;35224241,72;33677543,24;36365864,28;34901701,12;32267756,89;34415020,82;33249126,78;34083768,13;34657124,63;34921321,39;35289057,05;31312651,43;34958166,98;35600653,57;34923503,02;34917942,75;37067583,72;36176592,24;36163224,49;33904905,31;34429527;36060511,72;36387903,45;36728767,46;37193350,35;35902921,65;36804484,15;36291974,12;34919726,64;34136530,45;33435320,11;34359519,16;35133251,78;37546233,35;41295702,27;40939009,64;37839667,55;42270617,66;40582966,62;43854435,74;43085302,61;41208497,92;39790795,23;43974395,97;40184793,47;40342501,47;40563143,01;44720573,47;41205987,7;46219584,77;43074266,62;44841468,62;41344333,25;41348809,15;42357514,72;41338903,46;39202385,23;43321011,48;43669409,97;44139477,01;45122415,42;45763263,53;45838906,81;45536932,02;44074999,72;46985437,04;42069845,68;42137536,29;42612272,89;41705286,12;44750003,28;45625574,8;47254860,59;45694578,24;48499950,85;47371013,95;46087169,6;44416697,03;43959411,65;41682796,39;42896779,59;46482524,94;43165850,62;46984022,33;46412837,02;46353321,61;47766332,04;47342510,36;48964370,84;47756590,17;45509439,96;48012434,52;45500460,48;48132921;48061986,29;48954862,1;47404127,98;49250389,91;50528833,27;46519835,66;48461986,08;47851900,31;45277060,12;49469464,64;47565552,04;48209418,3;49676998,37;52622124,54;50899685,24;52995900,8;52448675,67;51139884,41;51554343,17;50519641,21;50835606,88;50630584,39;50725074,22;47009985,82;45048541,7;46442101,89;54999754,23;56025385,7;61728043,89;56708848,06;59171588,67;56988710,67;50978321,14;52321247,96;56235209,03;68360158,15;78545339,5;86928378,41;109909481,1;90387647,21;75731882,46;75197971,95;7118540188
24 Rio Grande do Norte;5947814,08;9509755,83;10352238,59;10855108,5;11160168,19;10475071,38;11386349,96;10640817,47;11336030,28;10606465,07;10742812,44;10091048,76;9571714,81;10699503,66;11613016,25;9515920,85;12872004,45;12353310,44;12888827,03;13075400,99;13213817,6;13294634,31;13153593,04;13652544,87;12942505,99;12272024,78;13763300,23;13693244,07;13975281,25;12960918,44;13077509,32;14081550,96;13930180,98;13010354,42;12796805,21;13667927,81;13356719,54;13551289,9;14108465,83;13871428,09;14155263,87;14213672,9;14705320,9;13632520,7;15377328,88;14675957,26;13417387,55;15167852,35;13512824,66;12434127,23;16107960,68;14820836,97;14616622,36;13433671,61;15759566,22;15565943,97;14078641,23;14275735,7;14363579,27;13095433,44;12885176,99;12865116,04;14439496,3;16240102,74;16312407,86;17005336,63;15550082,29;16128609,19;16663333,82;16560472,11;15772283,74;14467193,79;13929217,24;15175887,55;15826709,05;15179728,26;17609022;16326083,16;17620406,31;16897213,5;15659936,29;17260602,08;17190447,61;14552349,94;16415949,23;14663101,33;17349308,93;16485688,09;17479885,81;18357814,68;19032121,05;19083408,79;18625256,39;19305508,93;18323482,81;15732212,02;17598037,43;15944153,28;18561852,94;18551249,81;19174194,34;19665455,57;18710632,25;16407464,11;13341159,56;18596119,7;17338919,64;18965204,65;17531025,7;15915347,17;18088553,83;18346126,95;19111034,24;17755044,87;19054889,16;19795966,53;18795259,74;18444347,9;17298003,5;18311840,01;19130570,55;17631343,47;19842834,93;20774806,62;20789038,18;20137699,72;21652391,73;21629797,35;20189873,01;21332372,73;20581258,13;17227874,04;22503704,7;20181547,44;23086510,42;21820682,35;23588813,89;21530220,97;22229779,85;23120838,46;22455827,1;22263163,66;22922628,16;20949027,15;23101224,38;21644473,35;22438442,72;18744943,81;19454054;21476468,96;26337808,77;27579658,62;27721340,38;26052671,89;24742027,8;23886822,89;28074416,33;26581525,53;28444100,38;35930307,69;36764212,6;36708007,18;35989101,68;32369373,29;24063936,32;2867428082
25 Paraíba;10723002,45;11386274,47;12053643,87;12653528,76;12215107,11;12256928,49;12755413,77;12872578,37;12558296,11;12768727,85;12305712,88;13581860,46;13493164,47;13482978,09;14827006,61;15397556,53;16277442,59;15879160,72;15978811,22;15590347,89;16117680,24;15751691,59;15927662,69;15437528,74;15667869,73;14904848,47;16216133,65;16257606,55;16337751,46;16092332,67;16902253,36;16841142,04;15852904,31;15585573,68;15383927,63;15669807,38;15091719,5;15326392,08;15906613,12;15346420,06;15530835,49;14633766,02;15698533,59;15128556,76;15785458,75;15328867,04;14986456,4;15093025,15;13674516,54;13859126,01;15038829,37;14957359,9;15594376,19;14427177,03;15484361,07;15786852,82;16207805,08;14966724,85;15587687,25;14506296,46;15680898,4;14385685,07;16321921,55;16872009,72;17300529,52;16599314,18;16726432,62;16484782,86;17135693,88;16816763,07;15698764,75;16166997,73;16154064,4;15621266,78;14820967,48;17230194,63;15961997,56;16137548,05;16199002,92;16547389,24;16494346,2;16266620,26;15710026,42;17326679,55;15795012,65;14480740,53;16053726,73;15962948,78;15768417,41;16774733,11;16553311,93;16708149,42;16811722,12;16405613,74;14229559,3;14090969,82;13322414,1;17075239,87;16340636,71;16301872,15;16774465,25;16795120,27;15836692;17335283,11;16612200,96;15902954,28;15304390,51;15163126,53;15753142,07;15083831,63;17333812,39;16955476,06;17614909,3;16903390,86;17436413,89;18419340,61;18644534,22;18532729,35;18248446,2;17956094,16;16968876,36;17091922,12;17680495,15;18379177,97;18568272,05;18934577,55;19279685,95;19011606,67;18070790,31;18497122,25;18359742,42;17425267,96;18701777,09;18280230,48;19178379,93;18839657,83;21061830,25;19447508,7;19665224,24;20397259,96;19639745,97;19326032,3;19450907,04;18246437,76;17227838;17591547,33;17844195,52;16273867,55;14997248,91;17441299,56;27294311,05;23288213,79;19480924,47;19988426,94;18418075,59;18100602,5;19552670,55;21541160,93;26404374,31;29577403,03;34735632,48;34231692,36;29827487,76;28082449,35;24377900,38;2796673183
26 Pernambuco;14393949,89;24181400,95;29991302,71;34806197,97;32147987,35;32239094,89;32685640,76;35457038,66;33668261,46;30579747,51;31049830,56;36978451,28;31009217,35;32989186,42;35816570,57;35969258,01;38381369,46;37147961,64;37200037,82;37050387,71;37971068,17;39339518,15;38448709;36961718,24;35052507,08;32870997,66;36490461,92;39185802,19;39388462,04;38249606,84;36955723,87;40351864,49;37229907,82;40700808,63;41625911,29;39731003,01;38314655,92;38704974,94;38270479,93;43296812,53;43379503,12;42374590,03;44089917,21;44593739,9;42574100,91;46414565,03;42332627,96;41806199,96;42366739,76;40657147,53;42356775,79;46049107,38;45870310,23;47260740,98;45917428,6;46329282,68;45912255,55;45950600,84;48136622,77;45182474,26;45918510,2;46286498,91;49976492,24;51868968,3;55177829,24;54078037,35;55057140,1;56986957,3;57164851,07;59698786,84;53073903,75;59825272,68;53574898,27;54289579,09;53296924,53;57133438,18;60494904,81;58518383;60625402,78;60468979,19;63211650,92;62183620,21;62888953,97;56841236,06;57234817,11;55735690,3;58796396,86;59850086,94;62803941,06;64067286,88;60739524,74;62409022,55;59808747,4;57510985,6;62049537,57;55997430,18;58824239,37;57383866,85;60654457,3;59813025,14;62706675,5;62318151,51;63996670,41;63766089,53;62864173,51;62218424,19;57815722,37;60832058,72;61543259,12;58530231,23;66011432,62;62888623,19;70257954,75;69573373,69;69762828,96;68099323,25;67999680,35;66978897,02;64734221,71;65819921,92;64529749,62;59258351,04;67792662,95;66491472,88;71014021,26;68679138,11;70741826,35;70554341,99;66806054,81;67067611,96;64375684,1;63347814,94;66767187,21;63012036,07;65485622,52;65026872,36;71675203,64;68052177,03;71002753,56;70105175,96;69751772;73233805,15;69916288,52;65707740,38;70161441,76;64822616,22;66221727,51;49241430,42;58988241,41;64301576,28;74914677,43;77242718,06;71764620,17;66587801,49;78939716,08;72313959,4;83913852,46;78196525,89;87933693,44;103958119,1;123109445,8;125407650,1;114971565,5;102801016,6;83993757,9;9243658123
27 Alagoas;6243726,32;8376622,16;8408336,22;9090794,82;9338771,45;10068210,08;9887061,61;9373432;9563580,5;9805242,71;9483679,98;9587276,26;9118308,54;9492457,06;11050019,89;11833838,52;11964555,99;11469923,64;11073104,51;10717711,38;11170853,09;11884312,16;11491215,89;11619807,05;11867279,43;10207108,49;11653866,56;13088703,56;12218895,41;11290459,2;12842411,57;12085466,59;12138067,36;11614892,98;12115995,59;11714057,19;12011224,69;11918819,26;10780789,12;12947105,72;12951346,5;12295219,31;13134894,81;12903741,77;12967407,41;13288222,37;11999461,01;15330868,88;11258052,59;11783526,18;12618040,72;11821517,67;13074948,36;13362934,23;13065460,57;12660246,7;12608997,56;12663868,38;11078766,28;12624097,09;11618652,16;12563171,21;13387565,87;14244351,49;14640837,09;13627929,53;15834288,76;14375114,59;14858651,8;16091499,26;13908428,3;14841404,05;13609870,68;12422025,11;12478218,37;13312077,86;13872465,48;13025539,55;14188201,78;14451144,57;13709145,08;14464302,8;14537796,19;13514366,94;14106631,62;14275439,26;14668358,96;14271782,14;15688044,36;14905770,86;15992067,88;15416076,33;15489051,96;14800526,97;13793847,62;14354103,69;14327679,14;14293807,39;14554654,23;13999759,98;14724606,19;15443908,31;15573956,75;15475529,1;15561671,96;14764824,13;14669628,67;14192533,17;15129171,85;15038456,12;16130532,16;15743174,63;16086575,66;16042875,36;16846127,29;16928567,14;15886458,95;16596937,09;15508260,93;15903174,01;16127151,16;16062136,29;15913321,52;16901210,99;17026428,59;16339905,36;17908975,59;16793811,48;18119580,37;17126145,58;16925355,78;15765092,87;15858616,49;17064476,64;17027823,71;16458514,97;17039962,66;17802731,5;18399929,39;16915520,06;16913798,57;17740071,36;16610757,56;16954486,35;16913209,84;15857344,98;16014260,42;15057213,01;14411431,27;15406872,52;18453860,49;19995280,39;18185986,17;18871513,02;18597375,56;17805273,37;17548566,67;18587484,37;22323051,11;26826283,56;29651474,26;28155677,93;28992503,97;24723159,91;19758417,78;2394793269
28 Sergipe;2780750,11;3676483,16;5051473,61;5046063,36;4741151,56;5401259,63;5521904,44;5238398,5;5187912,19;4584068,7;4096786,86;4112620,16;4087554,91;4066137,68;5347746,85;5864474,02;6673113,2;5608324,33;5805868,8;5751986,48;6341601,06;5872206,67;6417612,33;5901811,49;5891195,29;5110036,54;5573525,84;7526762,19;8000159,57;5730613,66;7086244,47;7423825,48;6824254,36;6379269,17;7250384,04;5724769,61;7159572,71;5757338,71;7038966,36;6678909,21;6444423,8;5743888,41;6838013,1;7353107,85;6479016,81;7171748,35;5929696,29;6228992,25;6656143,67;6037494,41;7259238,57;7969461,13;6895848,45;7618788,42;7232613,44;7433346,82;6740007,46;6905144,37;6544005,7;5908122,76;6301344,38;7080123,24;8271668,02;8462593,98;7741746,7;6154093,13;8083772,83;7267573,2;6949523,59;6678771,08;6586368,06;6439479,68;6477148,65;6945872,51;6836562,27;6787461,29;7155130,38;7343528,74;7230138,87;6362749,71;7504906,4;7425864,9;7171541,46;6708175,23;7532979,25;6755440,98;7478153,76;8097711,61;8308576,63;7828944,9;8877007,24;9129892,18;8692417,03;8771323,27;8052546,55;7141336,77;7920697,54;7364587,54;8458296,32;9075164,55;9427424,7;8294758,44;10003202,01;16003933,99;5751946,44;6199962,79;6644582,06;7118708,08;7720209,82;7541775,26;7749421,92;7767046,51;9047436,87;8441039,71;8291702,97;9552486,43;8870825,75;9178431,79;7967802,82;7678925,8;8077634,45;7374349,7;8375279,36;9020646,6;9710691,4;8025780,5;9766114,15;10198444,73;9121714,7;10097590,01;9139082,28;8405178,91;9870763,46;9577713,59;9745805,83;10183910,27;11014405,78;9397452,52;9931458,04;9628184,03;10011078,87;10464026,39;9199453,13;8463411,72;9691241,43;9325631,63;8093465,51;8589154,91;8026929,31;8057935,1;10313262,56;11404646,48;10741986,6;12278300,58;12264609,05;11454427,82;12060864,7;13226099,48;13507023,71;14928721,85;17724664,13;19633473,1;18894097,84;14297739,1;12133818,13;1313873341
29 Bahia;21211522,47;28189304,95;34181483,52;39026934,13;42949566,82;47025972,04;47481695,17;46931248,28;44883379,31;41920011,46;37524744,74;44878936,74;39955776,96;43111707,75;49779947,78;50014602,82;48790551,8;49132821,82;51239968,87;52458246,42;53839068,59;51437189,65;51511419,22;49837755,53;49529112,74;47153215,38;53611971,89;54059176,28;51822435,06;48193723,43;52055936,39;55169480,09;51149469,04;52998868,51;51110199,55;49797380,31;50762560,42;49506095,15;53676261,91;56230829,44;51277301,85;52554007,19;57665345,91;55394871,04;55853815,24;55020722,47;56426958,02;52119762,31;51471366,43;51583789,94;61114469,8;56470860,17;58956342,68;57286133,46;57579666,12;58850187,01;55721890,1;59174699,98;54834519,31;50805585,16;50918730,11;48031764,26;54689483,04;60346839,48;62215989,21;59468051,13;65904256,49;64805007,17;62744830,56;65845122,34;59141216,79;58290022,86;63767811,64;59915191,91;59681681,98;60920671,82;61351092,4;60026773,48;65897253,07;66456740,35;67963557,89;67904878,33;62281320,06;61537833,98;63402850,9;57533415,71;65862065,38;61002105,89;64941469,92;64000633,85;66956753,66;70145059,1;70375191,33;70212728,6;69467563,02;61697271,1;64491582,81;61030296,44;67596522,73;68946797,31;69703669,34;67427693,07;70499941,2;71275142,55;72316907,37;70322056,89;63620328,18;62906303,19;64397235,43;64634686,08;68690380,93;65626958,5;70176833,67;72870964,12;63845395,83;63756542,98;72195775,69;78409447,23;71987968,64;64648373,69;68048653,42;64475039,37;67301935,64;70138190,99;72015638,15;68213323,07;73412542,78;74505873,73;71525882,45;74899242,26;73898802,66;67083996,92;69943903,44;63037987,2;70631313,03;75656871,01;74930902,09;72311955,53;78145958,78;79465336,35;75612489,42;75333078,55;73597019,2;71008578,9;72991644,23;70076183,91;73156459,75;62673156,89;64097970,52;69711402,48;84234287,58;83505321,26;80580498,11;81282091,64;86323900,87;85898021,44;80041951,06;82385385,11;102012674,2;115544714,1;115405581,4;129189696,1;132882815,6;110063581,3;99862227,64;10498497979
31 Minas Gerais;45671659,76;70194037,1;79231336,95;77136537,58;80554440,63;94758522,83;85360064,11;84722528,1;84601757,95;85559789,46;78329947,11;86917741,55;91374305,25;90153672,61;95290591,54;94091211,77;99076844,1;96189182,42;102754354,6;100080062,7;96911075,38;97956440,66;100726279,6;95354390,87;99017646,65;91519360,96;101602091,1;102020854,2;103346519,1;102489257,4;104427655,7;104334532,6;102057421,3;102296496,6;104624739,3;106029536,3;102848906,3;103097090,3;107148899,3;109395956,8;110963598,2;108798032,8;116882816,7;115819574,8;113941917,1;112266703,4;110320105,1;110247403,8;112999034;105365898,6;119320557,6;111508097,8;121916151,5;118620976,9;121071900,9;122660876,7;119912767,3;121329100,4;113629259,7;114180460,1;119841497,7;112610685,5;121483683,7;124223697,9;127149290,7;126778002,6;133371287,6;131609929,6;128782017,6;135027742,2;130065097,5;127030340,3;136493783,8;129567056,5;134327948,6;128639295,9;150031401,1;136128076,9;143612291,7;141144140,7;140835377,9;143611717,2;142982819,6;131466757;135056583;133803975,6;138617701,3;140005981,3;144748910,8;144903538,1;144893205,5;138309905,3;144319825,8;137803335,4;136740758;135735883;133990193,5;129427381;141285627;135370676,1;139139545;145843989,4;141622724,9;142810729,6;138557655,2;132905509,4;133811593,1;143174363,9;139000446,9;131306326,8;145820665,4;135720879,2;147516450,7;143284103,9;146849636,3;152645703,3;144488574,1;143939472,3;145123339,3;142848565,5;143158487;136705143,4;149829968,6;149894503,8;151546897,8;151514201,6;156680218,9;154281495;153867888,3;151228318,7;144867656,4;146715346,6;154066649,8;147968852,8;153459790,7;156777495,4;162963014,2;154830086,5;166207471,1;164287071,7;156567882,9;165120780,2;153006371,5;153901643,7;159280453,9;150237121,5;142897333,1;133416702,9;133520477,5;139953015,6;165962239,4;171272718;175362401,6;178236450,3;174286881,8;173567211;184123139,6;187320528,8;211478924,6;239221992,3;251148575,2;265282411,5;258578548,6;241931842,9;193773519,6;21899546393
32 Espírito Santo;5456723,98;9102212,86;10249595,97;11253833,56;10198619,17;13364258,29;13035374,08;12588595,77;12727433,3;12656039,16;11456719,61;13797101,01;11872595,72;13159401,04;14112825,59;14441001,76;15869485,76;14289482,15;14759638,93;15682021,1;15382323,46;15580269,47;14614727,18;13389707,31;15195270,91;14089292,07;14860459,56;14590678,01;15551855,16;15094272,62;15891427,56;15427295,84;16004656,88;16310380,44;15484092,44;16640338,44;16133664,94;15161413,45;17382070,61;16934270,53;17758849,96;17172311,8;17380509,2;18970124,29;17551488,15;17970035,3;17364792,54;17496329,94;17222804,98;16751995,85;18471537,46;18456884,51;17628111,36;18107658,11;19023115,07;18953444,62;19670500,59;18950349,09;18894552,12;18281712,15;19224431,53;19035509,92;20294734,35;19595507,02;20265267,4;19658552,7;20401161,29;19998670,93;20451848,8;20131302,49;20389116,78;19058737,26;19749178,48;19147207,72;19151706,66;19881203,54;22294881,78;21299915,99;22526747,71;21969999,69;21982043,34;22883793,84;21793404,47;20417854,69;20117941,26;20664919,35;22382068,17;21407331,21;22264266,78;22284122,22;25025991,97;23401404,52;20833822,54;23424337,52;23991085,58;21437787,54;23779563,66;22790048,27;23715873,33;24827565,42;24109597,33;25658817,37;25169057,16;26725024,24;25338983,15;24619233,74;24316581,95;25928484,84;25007676,62;24191191,04;25308292,4;25031483,52;26638696,23;27029630,04;26530798,94;25867248,28;25262466,33;26309234,34;26485310,14;25493804,7;26870384,24;24762482,38;23992070,32;25580754,91;27047091,49;24431385,84;25130378,43;26009340,5;24685731,9;26243877,36;24170075,47;24502056,39;25005409,89;24433360,41;24489441,43;23966073,21;27678894,71;26257287,18;29321032,62;28080023,93;27494948,06;28981301,17;26652123,01;27587727,37;28057063,29;26361545,85;26637385,72;25322623,29;28976583,86;29041781,1;33474963,98;32364742,01;38569356,14;35748380,19;32030401,25;34689192,62;40954654,87;42374636,17;48195829,47;55037350,24;54019586,79;51416562,54;54431417,37;44627947,75;38395547,28;3710941857
33 Rio de Janeiro;23025258,52;28394310,93;44567062,94;44054604,82;44911021,15;48056212,24;49872379,35;50912706,6;49270352,76;46434912,38;39907347,52;50581613,99;46203403,72;47094280,97;50808893,61;49188045,37;54038727,15;50720818,82;55050238,31;56202711,73;52027721,77;52063748,46;54304571,03;49771259;47245572,1;50655914,79;56116554,62;52070900,49;59396969,31;56866124,2;59807297,1;60274646,13;56849693,5;56972506,41;56226392,98;55766722,97;54468513,71;54490908,51;57189879,36;57530534,48;59415082,81;57500360,18;58719374,31;57725444,31;55988073,56;57067173,47;56007787,96;58500361,63;51490876,25;51218829,7;59050888,79;55713082,39;59308548,57;60946256,26;62570275,17;62562491,19;57819515,13;60680111,32;55508626,73;52938007,54;54498497,26;54241542,9;58103343,77;58179861,28;62951717,89;59378002,02;64397115,39;63688998,65;62549624,21;61105229,32;60723561,83;58602336,51;58579495,92;60080402,85;57850576,52;62325535,05;65792128,61;61276603,47;68295078,12;69883172,98;68072842,2;69180379,79;64122033,95;60517923,03;62439111,76;63737825,01;67666582;68284851,49;68751291,66;68009071,62;74284468,07;68985578,96;69994977,82;70135244;67375667,22;65073606,21;65228967,96;63377219,74;68530109,14;65491071,88;64788535,97;64647322,21;68974994,76;68889555,91;65722866,9;64254090,02;63295431,25;67082136,55;62062074,3;63262857,88;70614050,49;66831641,3;74203708,15;72248657,15;75302602,85;77717421,67;72622372,14;74953056,26;72548265,05;71176514,15;72530675,81;70910964,45;75601732,47;75998173,43;78033245,14;77683410,8;83733892,75;80453782,86;77382979,88;79404597,67;75075912,42;71286431,83;80140801,94;73535570,78;76151310,63;75853453,4;86637168,69;80125747,75;89924590,66;85720860,09;82971188,3;86392490,58;80843671,61;78579849,3;83186258,72;76116203,22;77004637,47;71404623,67;85123662,73;91735358,99;99331352,01;96339615,99;88305239,94;86995649,35;86868111,44;90483909,4;94360352,53;92977068,51;113354996;119301740,7;133925004,7;133147569,9;132215973,7;133050914,7;128586740,2;11131869791
35 São Paulo;91678473,48;148677526,8;156087269,2;161227125,4;187119397,6;187291126,1;194398399,5;184854516,4;188636359,6;179706467;167990352,5;191857317,8;182797194,4;186855294,8;212777859,5;203186114;217040531,7;217195249,9;220761157,5;232536720,1;220292973,7;221987951,3;220117480,9;209094405,4;214565774,7;203116173,2;227248380,1;231543598,7;230188803,4;226021072,1;229662643,3;234530618,1;233453453,4;221127119,4;239790045,5;236929144,7;227533337,3;231062206,9;241947462,2;236443416,8;244464658;234179405,3;250900143,6;245433156,2;245477472,7;244204325;244074129,2;242364979,8;235839968,1;230716054,2;249733962,4;240380166;253235916,3;241125908,1;250433088,4;259627680,9;246700090,2;250015664,2;243228929,8;227461193,2;247848715,7;241953732,9;247865862;266015472,8;270783169,8;259417406,5;268765294,7;279842025,9;272324278,9;278881855,3;256752830,4;246881134,2;265709306,1;255681908,9;259597103,9;266474985,2;278068997,6;271417662,8;290420948,9;291009942;278611485,2;279890804,1;268999975,4;262125680,4;269018430,5;253476434,1;278016320,7;274325335,5;279334056,7;279844623,3;285370920,1;283869182;278323247,8;272986136,8;261805996,3;268851109,1;257988814,4;261132866;276567893,1;273412228,9;276006348,6;288616077,7;289939692,7;285504373,5;280625651,5;271080917,4;270459042,1;273722268;265667602,3;253804030;284405443,4;267260974,1;296851093;270596412,5;297881361,7;297309345,9;280813753;285740593,7;280768835,6;280080500,1;279203782,8;269524844,8;286775733,9;289711791,2;293104281,7;287922148,7;291524922,1;298702204,6;282739086,8;295671659,1;283947815,4;283179040,8;298180056,7;279427204,2;288819396,4;297834670,2;303889049,2;293587709,5;305033842,8;313868712,6;298547868,3;310847061;292851698,7;284749770,5;304511719,3;288872273,9;297359679,7;251331659;272493373,4;306781760,8;367672197,9;350135458,2;354165251,7;345961095,1;335880671,2;331043717,5;356097158,6;350366878,2;406866741,1;474279794,2;510118421,5;522748386,1;515461288,7;460348563;393119442,1;44290985780
41 Paraná;38266347,46;55384670,52;53801318,85;52460306,69;54419620,71;57811688,48;58094241,83;56982774,9;57549082,26;57121887,41;53117936,61;63910909,46;64523066,04;60783727,39;65633573,31;64759375,78;65902215,41;66280753;69158603,32;68256573,41;65843824,73;66394412,26;66395558,19;67070814,17;65492818,75;62237724,45;70702537,78;70374693,61;72058180,69;71935547,82;72371869,39;74708055,69;72785908,9;72851750,47;75595725,52;74366096,98;75110313,47;72128616,95;73759982,82;76599030,33;75660652,68;77258175,98;80842051,59;80617519,85;75549674,67;77593673;76544478,19;77258303,28;76039530,59;72807882,01;77076883,24;76143545,1;83336990,84;80649521,02;81927587,9;84130063,75;78536950,5;83285621,69;81594702,93;76270832,45;79500038,93;75028184,23;80703730;87106955,67;87399406,72;86697435,96;87769698,09;88057167,22;90365634,46;88122492,89;87591159,75;82588891,73;83584617,32;85435762,12;83641160,75;85205955,97;90028735,19;87870952,45;90698407,25;93643329,76;93539983,04;93513605,52;90920897,47;85093676,96;86815580,94;84176293,14;91071048,29;90305345,86;92363932,23;93872517,26;95718229,92;98916070,85;95128845,06;96186825,16;96160859;96048736,4;93783253,43;93084827,52;100050041,2;98382855,34;104543901,5;103377082,7;108340437,1;106455448,9;107336203,7;104805099,9;102244280,1;102217981,4;101336658,9;100907457,9;108922320,5;108702876;111362259,2;110695749,7;116359245,5;117872309,1;111878379,5;115332028,5;114669021,5;115173908,3;118799559,9;110307818,8;116630189;120061032,5;121360733,7;122174618,9;124610255;127874482,4;123933024,5;125316844,1;125317336,7;117528767,9;122460918;119836506,4;123286810;120177202,2;126481773;125528571,5;125978907,6;126174536,5;126966338,9;131587683,7;127099316,2;117905826,7;122357489,6;127010218,5;117317015,9;94604541,3;107506194,8;96981983,22;109720663,6;129529222,5;122702263,3;129647874;126880362,9;121768083,6;123528504,4;133636140,8;141385533,7;156532484,1;166203382,8;179677707,8;182949734,9;178040081,3;121946453,3;15672157558
42 Santa Catarina;16504913,45;25651429,11;26743524,89;27181488,26;26845308,18;29909762,04;30789135,84;31250854,33;30019676,93;31957603,59;25115484,86;30778152,01;35330776,38;29003233,4;34665661,11;33835731,44;35240482,92;34559792,1;37817434,39;37259106,98;37380382,93;35782563,69;37345105,77;33887220,81;35965111,2;30499828,8;35106629,49;38016215,79;36075962,56;36549557,8;37410644,46;39238540,97;38081890,14;38789877,44;39827583,98;38814557,5;36415863,91;36721508,61;37996132,34;38421644,32;42835662,88;41189032,41;41758217,71;41684481,18;40922878,17;43202127,53;42472572,09;39321146,15;40492256,09;37022044,67;41483655,71;39783026,17;43805455,91;44046279,27;44667604,83;47341536,84;43359745,8;45156146,64;41573779,33;39219651,32;42289935,8;40639211,68;43594853,16;48625178,22;48118188,7;47911889,44;50571448,43;48955584,63;50829444,52;51491068,29;51684328,02;48372507,22;47993678,86;47288897,03;49012952,27;48053559,67;51823540,54;52051111,63;54238795,01;58563755,12;57996386,57;55718596,57;52622351,52;50644413,58;51654807,12;49243372,32;50778038,59;53032690,6;52438940,12;55880868,36;58530304,5;56690587,83;57889887,42;55737338,22;53674531,44;54165006,62;51122044,59;51193907,71;53003389,12;55051999,99;58462423,06;57758960,8;56650625,57;59500073,33;57825717,51;57782700,4;54981230,42;50520420,22;56881263,74;49307356,23;57799235,23;53445103,28;60332325,13;58396222,86;57247011,5;60460918,42;56263507,69;56883543,13;55604043,98;54055792,1;53712418,95;51298668,32;58770698,1;60288827,83;60659252,2;62213666,2;61278050,72;62730906,87;61636890,45;63327187,97;59766664,18;55708713,29;58896965,31;57420491,79;58250110,95;61028085,6;64937709,4;63504945,54;66591656,76;68439538,79;67131286,74;67946962,52;62694674,96;62400948,72;60255326,83;63695794,11;61835940,53;51632371,91;55188294,77;57897436,61;61267297,89;65467585,93;71781494,82;69414431,71;68617316,44;70968697,28;72929775,6;75923295,76;85387122,77;88004351,85;84397945,2;94609849,23;97545214,53;102528877,8;83493556,56;8392938841
43 Rio Grande do Sul;30931325,46;57363420,01;51547794,07;56673338,49;48397733,07;52413429,62;56636376,98;56113054,7;55356224,3;53637713,13;53699506,08;58730379,58;57629317,06;58779088,02;63366430,89;62200230,97;61683824,68;62495363,9;64614271,83;66457445,34;66425009,36;65782428,73;63714541,87;64488493,88;66304168,5;61527419,52;62490522,38;66814413,4;67900518,35;64799726,75;68518232,07;68731297,03;66174969,16;66891309,48;67456434,73;67096302,52;60754144,32;58884339,85;66205364,4;61549863,09;67005564,2;72791411,49;74300861,33;67837463,86;70064414,36;70232362,93;72554592,98;64881879,75;61611865,88;65535901,82;74336260,07;67549395,98;72179899,88;76773475,06;77774241,78;76499514,26;69764912,17;64839999,61;75459338,65;63899563,55;74162758,17;71198611,75;82497795,06;83507655,35;86819702,56;76192049,15;86985566,29;87188268,32;79988575,09;82136136,71;79836366,3;80089789,32;78857234,6;78537008,46;79394208,9;83278724,35;84494278,65;85828392,41;90610814,11;90068464,13;89050051,67;94005898,04;87733471,2;84122185,75;85079714,14;82133570,24;88517055,03;91301452,5;89895415,64;92114331,88;94943320,81;95063921,01;89867247,7;91025690,47;92841633,81;83952187,7;80130314,8;84811068,12;86491623,15;84052305,72;87840141,72;88088367,62;92470925,2;94272573,31;77466039,1;96934581,89;86678131,26;87399566,81;81109569,27;73212030,39;84033985,11;83238680,79;94756267,63;89585823,81;96174533,7;92176170,61;94228360,83;90655015,78;91242720,7;82934746,93;88817066,36;80572288,45;87419899,25;89396935,52;88148251,61;90754504,49;89093690,14;94010888,97;93664724,68;90025945,36;93081292,31;89050712,34;89664703,23;89259306,5;85585754,75;95152786,47;94163838,23;92237333,46;102298314,8;100260145,3;95917106,56;102331615,1;93971904,79;90775418,13;94908336,74;91437940,91;102876132,8;83000318,02;82381774,95;86092502,24;100579287,7;102609965,6;104401019,5;117458292,5;108853891;111760506,8;120030087,3;111945006,2;134338985,6;144526501;147346694,2;148308467,8;149813850;134569009,3;120016574,6;13613341350
50 Mato Grosso do Sul;5377392,11;7002472,61;8423933,19;8797487,68;9770421,8;10905392,18;10249299,82;9671553,45;10218511,05;9547923,55;9450010,19;8365709,79;10033643,71;10746263,1;10849523,03;10902848,13;11991649,26;12050259,66;12174950,98;11178470,01;11997775,92;11686533,15;10756188,43;10565385,71;12148432,58;11270972,8;11947693,5;11435565,54;12392541,52;12441459,98;12025317,84;12353546,78;12381792,58;12340247,31;12467693,91;12356930,32;11209008,55;9656677,02;13698836,79;12737864,7;12738474,58;12633049,75;12559402,36;12129099,22;14361439,67;10874502,14;13069914,91;13389627,18;11336531,77;10651807,08;12180801,7;12317346,21;12443933,58;13265423,5;13279583,97;13662778,57;14377772,86;12470857,74;13313610,74;13277404,7;12946929,06;13608114,3;13164501,21;12609170,8;14260317,31;14093759,27;15857368,44;14902081,06;14293864,54;15002648,55;13966637,66;13671203,55;14178988,87;14712594,52;14301089,67;13935980,51;14947928,02;14031496,4;14515549,98;15589135,54;14778200,02;14569813,14;14350887,34;14176127,3;14477250,54;15581963,71;16405826,87;14378228,39;16953490,49;16142201,57;15744546,46;15744530,43;16350747,05;15201350,63;14596998,67;14838491,41;16245064,73;15790962,76;16038560,1;15782658,52;15833939,83;15634796,95;16131310,92;16658359,76;16115694,41;15532297,35;15444859,93;15768541,9;16010162,9;14833749,68;17139379,75;14983940,4;16984929,81;15676843,15;16956118,78;17043069,32;17477126,81;15488155,75;16596703,72;15353997,67;16320629,25;18448053,83;16620321,36;16682027,02;17555832,83;17357780,2;17090876,79;16468255,95;17395858,5;16259261,13;16390075,24;15350893,92;17108719,02;17713810,57;16882690,96;18253870,27;17778458,45;18387822,48;19870933,2;18913862,69;19591383,84;18935437,09;17230688,81;17895244,76;18115134,64;19542439,88;19032785,73;17410262,53;17913161,92;17363192,43;18858844,44;19877080,68;19247894,51;19497210,85;22023126,25;19782832,55;22014085,88;25249961,65;26028833,5;26840420,75;28649201,59;33920480,87;31552023,11;36310521,96;32338424,49;2516383489
51 Mato Grosso;4795299,01;8684882,23;7886243,14;8794109,79;9231645,4;10221763,77;9163314,28;9243148,81;9052354,89;9677093,95;7150345,5;10421826,32;9939399,66;9332546,32;11965500,15;11185014,96;12058150,55;11635436,04;11698836,48;11823239,61;10810420,65;12130636,06;11574096,75;10726251,53;12364760,67;11382133,07;11947040,32;12233217,84;12656421,09;11263407,74;12795267,96;12805173,87;12171713,91;11961452,83;11777799;11142684,27;11709080,86;11149107,81;12381255,67;12391024,3;11574707,66;11449818,18;12067847,81;9872567,6;12340511,27;12154858,01;12738659,19;11617956,36;10194534,96;11052531,8;12697271,26;12825836,44;12437326,25;13819568,73;12861426,87;13387145,16;13107046,91;12085215,68;12762583,75;12387721,52;12315260,04;12145406,21;13140456,3;12884862,96;12872983,73;14087582,76;12649797,8;14132727,09;13040443,4;12555232,29;13696927,61;13233705,01;12201791,59;12981386,14;13290421,35;14139198,01;13625461,23;13885729,63;14604900,36;14816179,13;14011573,31;13164383,84;14562218,15;13413465,25;13106628,97;13769115,33;14166909,47;14411435,71;14599062,75;15156818,1;15407207,37;14798954,73;15115492,63;14543665,17;14619045,99;14220952,14;14767201,36;13712298,88;15442590,16;15108919,3;15651536,52;15809574,22;15578808,89;15684802,91;15561519,2;15505564,73;15319349,26;13805916,37;14035537,59;14149756,35;14898417,06;15584480,77;16651188,35;15509614,84;16372281,19;16231682,7;16044219,39;16146542,89;15487676,02;14770731,99;17253950,09;14789801,16;17498946,87;16279852,74;16103988,77;15883977,51;17163673,03;15569285,17;15630276,46;15838064,68;14815961,13;13853034,99;14229113,36;15288698,79;16045499,92;15890208,95;16092716,67;16699780,69;16314811,22;16763581,32;15608982,84;15855641,23;15823328,54;15032737,51;15259436,5;15066106,66;14906973,08;12563655,61;13632848,78;13215428,53;16834650,98;19706219,32;20747222,33;22728110,29;20693686,21;19977286,64;19481528,85;19064853,12;24283725,76;31076211,12;31885835,07;33187675,05;38943213,02;37763607,95;27274369,25;2386584383
52 Goiás;15310637,29;22258668,68;21442515,75;20921212,45;21615970,67;18270043,87;20540517,13;20650730,67;20868443,56;20621423,04;17094580,1;21615561,61;20678552,05;23043942,78;23334312,45;23508108,16;23947606,91;24369848,15;24577126,64;24372626,65;25227845,74;24746686,9;24628958,5;25524615,37;23352380,22;23520045,07;25369725,89;24404417,42;24987745,86;24954391,09;25711601,13;27198788,35;26672124,45;24964871,71;25671135,81;25260713,05;25171493,79;26401745,02;29060487,72;28091235,29;27756627,95;26664943,44;27544806,74;28147924,49;28970133,86;27443813,46;27361622,62;26782158,86;25857705,64;27578209,83;28903148,15;27888374,86;28508546,81;27394379,04;27650146,73;27972257,24;27593380,91;28225393,95;30257205,98;28219065,48;28347476,37;28863363,94;29219827,84;33852630,83;33590436;31125044,03;32961849,49;32744899,52;32463384,15;31059400,38;33423742,17;31214051,41;31924189,81;30615412,46;30729287,2;32789081,22;34129465,73;32395305,79;34486077,69;34263783,33;33627178,19;37301012,99;34133359,61;34549582,84;33440841,45;31986974,73;37406713,51;36037996,49;35411348,7;35037055,28;35106632,53;34847805,4;35124339,71;34872130,96;37247032,35;33761371,02;32681231,32;33686063,72;36509450,01;34722699,39;33438193,46;36011750,29;32794483,12;37294503,4;34824730,59;32901169,3;32290017,8;33456689,43;32130522,23;32012206,14;34551884,35;36415181,79;36185213,95;35061574,61;34374096,65;35314254,06;35452231,8;34270824;34456384,52;34331316,98;32756500,63;29752825,71;35353238,97;33126994,54;33321916,56;35536937,3;35009953,87;33899286,36;33936535,21;34482719,13;33695646,06;36347762,27;35162665,51;33658226,73;36733253,84;36260374,54;38159986,89;37236918,46;37769227,09;37979735,24;37470767,39;37337272,34;35734855,79;34879373,7;35794874,64;35048141,29;34843938,16;30932236,73;34406945,17;36101619,85;40617188,84;46248805,85;44920822,38;45564156,75;43097417,03;44305389,14;46473895,94;44329462,46;57701390,23;61623242,59;58737766,85;64789459,87;72021155,22;70902865,44;64176809,02;5380180599
53 Distrito Federal;4745919,19;7632480,67;9647203,26;11098732,99;12891719,72;12850125,67;12565646,74;13710857,89;13165106,2;15048607,23;11343166,62;14727561,06;12448821,12;10378991,59;13844384,56;13014468,49;15199322,19;15839446;14075642,84;15070287,19;14487053,32;14794759,93;13970147,7;12231919,68;14152357,41;12797956,47;14766108,89;14251503,37;13992321,87;13029712,13;13731431,47;14492891,9;13708967,72;13154297,48;14017191,9;13892860,69;13685193,15;12596227,92;13776613,55;16345138,08;16087910,83;13972734,93;14892283,19;13278491,41;13995426,7;15390923,5;13086852,04;13590252,81;14944337,6;14888269,73;15085751,32;15764896,19;15623435,15;15203425,01;16732021,78;15301810,45;13732745,93;14641131,3;14302872,91;13158172,4;13730031,45;16998661,27;16775306,73;15671887,83;17115118,36;14702150,22;16691669;17236499,61;15107266,26;14854365,16;14958687,9;13017400,37;15090216,44;14616475,96;15221939,61;13473947,21;16957865,71;16172537,49;16980186,15;18002789,25;15337916,23;15159510,18;14575006,32;13315735,02;12644597,01;12040195,19;15563562,72;16112136,23;15582635,39;15527125,83;16340464,89;15410729,64;15596456,16;12688880,22;15291317,52;14725799,59;14615505,46;13618348,62;17170356,14;17429303,96;18419489;18261439,85;15957484,01;18859728,02;14617687,82;15938065,89;17795635,56;17955606,46;17727684,85;17813104,88;18510105,96;16996973,92;15586295,88;14832061,1;15143253,69;16830062,39;18437945,84;18041562,15;18203173,03;17028868,46;17127571,95;18222787,66;20340897,78;20522181,19;20343407,23;21542121,59;22301468,16;23318726,05;20307075,79;18600258,14;16518323,98;13970506,6;20192152,35;18496333,16;22191795,7;18562231,92;20360779,48;20187082,38;22216154,63;23309181,24;17870194,68;17859596,85;19851940,18;18769437,77;22341629,09;20643441,06;22947163,99;21536505,16;19058243,91;22704335,27;25269773,34;26526196,39;20056592,11;20856249,3;20459325,27;22991567,76;23527050,29;22766952,62;31831917,45;38410115,3;31532816,86;30629361,48;29662716,67;27288766,94;28509985,96;2778456617
Total;408424859,2;613174269,2;664043058,4;686662861,4;715803639,5;752181563,6;764990284,8;750608648,3;752962642,2;733019065,8;668217112,2;775967936,7;750048621,5;756580984,6;841883163,7;825105703;865829006;852678163,2;880502474,7;892842134,6;873464467,5;875334799,1;869113618,5;841535492,9;852122488,9;808077868,1;890979883,3;902232889;914272019,2;890961283,4;911969093,2;931719030;906417815,9;896468825,3;925035608,2;910497564;892847303,1;884086911,4;932602653;940522457,5;948998132,8;938678315;983107236,7;960806905,2;963424009,3;964910919,9;952446801,1;945980820,2;918113192,7;900866905;990762955,1;957617712,2;1005719346;992473295,3;1011576097;1019945215;981455178;988862272,1;971962883,3;916766270,3;970771875,1;951988831,1;1014947868;1068797390;1095601589;1055013842;1109874485;1114566231;1097138530;1114110815;1065389150;1040159311;1073036456;1045983019;1056226871;1075172530;1143780932;1105617907;1166470112;1174196840;1160045626;1166760502;1126670625;1076446206;1097304031;1062267532;1145818907;1142901984;1167506052;1175384991;1204103668;1191449093;1179032734;1160339646;1149862167;1112012036;1103036734;1100574210;1167279266;1157783805;1183773531;1206461942;1214170276;1231014107;1176283473;1171270061;1138321586;1151134488;1140451128;1096974377;1213219782;1162847474;1257999445;1211182759;1254024061;1267479837;1237137848;1250387855;1225045404;1201828188;1218528578;1160580638;1249570772;1265569345;1279917420;1272860439;1301522302;1316621937;1272529253;1295988512;1254250943;1218448068;1288274303;1226614761;1274394155;1300440623;1357406941;1308302990;1373192361;1379322215;1336776340;1381449232;1314031159;1275845412;1327814228;1286460085;1286247394;1108704128;1196048194;1288047942;1484489830;1514980315;1478353611;1490755132;1473427061;1455420731;1538904512;1551280512;1797368039;2027348296;2147582012;2233557063;2203235714;2025969918;1681734850;1,85013E+11
 Fonte: Ministério da Saúde - Sistema de Informações Hospitalares do SUS (SIH/SUS);;;;;;;;;;;;;;;;;;;;;;;;;;;;;;;;;;;;;;;;;;;;;;;;;;;;;;;;;;;;;;;;;;;;;;;;;;;;;;;;;;;;;;;;;;;;;;;;;;;;;;;;;;;;;;;;;;;;;;;;;;;;;;;;;;;;;;;;;;;;;;;;;;;;;;;;;;;;;;;;;;;;;;
 Notas:;;;;;;;;;;;;;;;;;;;;;;;;;;;;;;;;;;;;;;;;;;;;;;;;;;;;;;;;;;;;;;;;;;;;;;;;;;;;;;;;;;;;;;;;;;;;;;;;;;;;;;;;;;;;;;;;;;;;;;;;;;;;;;;;;;;;;;;;;;;;;;;;;;;;;;;;;;;;;;;;;;;;;;
 ;;;;;;;;;;;;;;;;;;;;;;;;;;;;;;;;;;;;;;;;;;;;;;;;;;;;;;;;;;;;;;;;;;;;;;;;;;;;;;;;;;;;;;;;;;;;;;;;;;;;;;;;;;;;;;;;;;;;;;;;;;;;;;;;;;;;;;;;;;;;;;;;;;;;;;;;;;;;;;;;;;;;;;
 Dados referentes aos últimos seis meses, sujeitos a  atualização.;;;;;;;;;;;;;;;;;;;;;;;;;;;;;;;;;;;;;;;;;;;;;;;;;;;;;;;;;;;;;;;;;;;;;;;;;;;;;;;;;;;;;;;;;;;;;;;;;;;;;;;;;;;;;;;;;;;;;;;;;;;;;;;;;;;;;;;;;;;;;;;;;;;;;;;;;;;;;;;;;;;;;;
 A partir do processamento de junho de 2012, houve mudança na classificação da natureza e esfera dos estabelecimentos. Com isso, temos que:;;;;;;;;;;;;;;;;;;;;;;;;;;;;;;;;;;;;;;;;;;;;;;;;;;;;;;;;;;;;;;;;;;;;;;;;;;;;;;;;;;;;;;;;;;;;;;;;;;;;;;;;;;;;;;;;;;;;;;;;;;;;;;;;;;;;;;;;;;;;;;;;;;;;;;;;;;;;;;;;;;;;;;
      ;;;;;;;;;;;;;;;;;;;;;;;;;;;;;;;;;;;;;;;;;;;;;;;;;;;;;;;;;;;;;;;;;;;;;;;;;;;;;;;;;;;;;;;;;;;;;;;;;;;;;;;;;;;;;;;;;;;;;;;;;;;;;;;;;;;;;;;;;;;;;;;;;;;;;;;;;;;;;;;;;;;;;;
"      Até maio de 2012 estas informações estão disponíveis como ""Natureza"" e ""Esfera Administrativa"".";;;;;;;;;;;;;;;;;;;;;;;;;;;;;;;;;;;;;;;;;;;;;;;;;;;;;;;;;;;;;;;;;;;;;;;;;;;;;;;;;;;;;;;;;;;;;;;;;;;;;;;;;;;;;;;;;;;;;;;;;;;;;;;;;;;;;;;;;;;;;;;;;;;;;;;;;;;;;;;;;;;;;;
"      De junho de 2012 a outubro de 2015, estão disponíveis tanto como ""Natureza"" e ""Esfera Administrativa"", como ""Natureza Jurídica"" e ""Esfera Jurídica"".";;;;;;;;;;;;;;;;;;;;;;;;;;;;;;;;;;;;;;;;;;;;;;;;;;;;;;;;;;;;;;;;;;;;;;;;;;;;;;;;;;;;;;;;;;;;;;;;;;;;;;;;;;;;;;;;;;;;;;;;;;;;;;;;;;;;;;;;;;;;;;;;;;;;;;;;;;;;;;;;;;;;;;
"      A partir de novembro de 2015, estão disponíveis como ""Natureza Jurídica"" e ""Esfera Jurídica"".";;;;;;;;;;;;;;;;;;;;;;;;;;;;;;;;;;;;;;;;;;;;;;;;;;;;;;;;;;;;;;;;;;;;;;;;;;;;;;;;;;;;;;;;;;;;;;;;;;;;;;;;;;;;;;;;;;;;;;;;;;;;;;;;;;;;;;;;;;;;;;;;;;;;;;;;;;;;;;;;;;;;;;
      ;;;;;;;;;;;;;;;;;;;;;;;;;;;;;;;;;;;;;;;;;;;;;;;;;;;;;;;;;;;;;;;;;;;;;;;;;;;;;;;;;;;;;;;;;;;;;;;;;;;;;;;;;;;;;;;;;;;;;;;;;;;;;;;;;;;;;;;;;;;;;;;;;;;;;;;;;;;;;;;;;;;;;;
 ;;;;;;;;;;;;;;;;;;;;;;;;;;;;;;;;;;;;;;;;;;;;;;;;;;;;;;;;;;;;;;;;;;;;;;;;;;;;;;;;;;;;;;;;;;;;;;;;;;;;;;;;;;;;;;;;;;;;;;;;;;;;;;;;;;;;;;;;;;;;;;;;;;;;;;;;;;;;;;;;;;;;;;
